,appid
0,105600
1,105700
2,105800
3,106000
4,107100
5,107200
6,107300
7,107310
8,107410
9,107600
10,108110
11,108200
12,108210
13,108500
14,108600
15,108700
16,108710
17,108800
18,109200
19,109500
20,109600
21,109700
22,110400
23,110500
24,110600
25,110610
26,110630
27,110800
28,111000
29,111010
30,111100
31,111300
32,111400
33,111600
34,111800
35,112100
36,113020
37,113200
38,113400
39,113420
40,115100
41,115110
42,115120
43,115200
44,115210
45,115220
46,115300
47,115320
48,115800
49,116100
50,116120
51,200010
52,200020
53,200080
54,200130
55,200150
56,200170
57,200190
58,200210
59,200230
60,200260
61,200370
62,200390
63,200410
64,200490
65,200510
66,200550
67,200670
68,200710
69,200900
70,200910
71,200960
72,200980
73,200990
74,201000
75,201010
76,201070
77,201210
78,201230
79,201270
80,201271
81,201290
82,201330
83,201420
84,201480
85,201490
86,201510
87,201570
88,201790
89,201810
90,201870
91,202130
92,202170
93,202200
94,202310
95,202370
96,202410
97,202530
98,202570
99,202670
100,202690
101,202710
102,202730
103,202750
104,202860
105,202970
106,203140
107,203160
108,203210
109,203290
110,203350
111,203510
112,203560
113,203630
114,203650
115,203750
116,203770
117,203810
118,203830
119,203990
120,204030
121,204060
122,204100
123,204120
124,204180
125,204220
126,204240
127,204300
128,204340
129,204360
130,204390
131,204440
132,204450
133,204530
134,204560
135,204580
136,204630
137,204760
138,204860
139,204880
140,204940
141,205020
142,205060
143,205070
144,205080
145,205100
146,205230
147,205530
148,205550
149,205610
150,205650
151,205690
152,205710
153,205730
154,205810
155,205830
156,205840
157,205870
158,205910
159,205950
160,205990
161,206020
162,206040
163,206060
164,206190
165,206230
166,206250
167,206370
168,206410
169,206420
170,206440
171,206480
172,206500
173,206610
174,206690
175,206760
176,207000
177,207020
178,207040
179,207080
180,207140
181,207150
182,207170
183,207190
184,207230
185,207250
186,207320
187,207350
188,207370
189,207380
190,207400
191,207420
192,207430
193,207490
194,207530
195,207570
196,207610
197,207650
198,207670
199,207690
200,207710
201,207730
202,207750
203,207790
204,207930
205,208110
206,208140
207,208200
208,208400
209,208460
210,208520
211,208580
212,208600
213,208620
214,208630
215,208640
216,208650
217,208670
218,208710
219,208730
220,208750
221,209000
222,209060
223,209080
224,209100
225,209120
226,209160
227,209190
228,209230
229,209330
230,209360
231,209370
232,209540
233,209610
234,209630
235,209650
236,209670
237,209690
238,209730
239,209750
240,209790
241,209830
242,209850
243,209950
244,210170
245,210230
246,210490
247,210770
248,210950
249,210970
250,211010
251,211050
252,211070
253,211160
254,211180
255,211200
256,211201
257,211202
258,211203
259,211204
260,211205
261,211206
262,211207
263,211208
264,211209
265,211260
266,211280
267,211340
268,211360
269,211400
270,211420
271,211440
272,211500
273,211580
274,211600
275,211740
276,211780
277,211800
278,211820
279,211900
280,211970
281,212010
282,212030
283,212050
284,212070
285,212110
286,212160
287,212200
288,212390
289,212410
290,212480
291,212500
292,212630
293,212680
294,212700
295,212780
296,212800
297,213030
298,213330
299,213350
300,213390
301,213610
302,213650
303,213670
304,214100
305,214130
306,214150
307,214170
308,214250
309,214340
310,214360
311,214420
312,214490
313,214510
314,214550
315,214560
316,214570
317,214590
318,214610
319,214700
320,214730
321,214770
322,214790
323,214830
324,214870
325,214910
326,214950
327,214970
328,215080
329,215100
330,215160
331,215280
332,215390
333,215450
334,215470
335,215510
336,215530
337,215550
338,215630
339,215670
340,215690
341,215710
342,215770
343,215790
344,215830
345,215870
346,215930
347,216090
348,216110
349,216130
350,216150
351,216210
352,216260
353,216290
354,216330
355,216670
356,216890
357,216910
358,216930
359,217100
360,217120
361,217140
362,217200
363,217270
364,217290
365,217690
366,217750
367,217790
368,217920
369,217980
370,218020
371,218040
372,218060
373,218090
374,218230
375,218410
376,218510
377,218620
378,218640
379,218660
380,218680
381,218700
382,218740
383,218820
384,218980
385,219070
386,219150
387,219190
388,219200
389,219640
390,219680
391,219700
392,219740
393,219760
394,219780
395,219830
396,219890
397,219910
398,219950
399,219990
400,220090
401,220160
402,220200
403,220240
404,220260
405,220420
406,220440
407,220460
408,220660
409,220740
410,220780
411,220820
412,220860
413,220900
414,221020
415,221040
416,221100
417,221180
418,221260
419,221380
420,221540
421,221640
422,221680
423,221810
424,221830
425,221910
426,222140
427,222160
428,222180
429,222420
430,222440
431,222480
432,222500
433,222520
434,222606
435,222615
436,222618
437,222640
438,222660
439,222730
440,222750
441,222820
442,222860
443,222880
444,222940
445,222980
446,223000
447,223100
448,223220
449,223280
450,223330
451,223410
452,223430
453,223450
454,223470
455,223490
456,223510
457,223630
458,223710
459,223730
460,223750
461,223810
462,223830
463,224000
464,224040
465,224260
466,224300
467,224440
468,224460
469,224480
470,224500
471,224760
472,224820
473,224860
474,224880
475,224900
476,224920
477,224940
478,224960
479,224980
480,225000
481,225020
482,225080
483,225160
484,225260
485,225280
486,225300
487,225320
488,225360
489,225420
490,225540
491,225600
492,225640
493,225840
494,226100
495,226120
496,226280
497,226560
498,226620
499,226700
500,226720
501,226740
502,226780
503,226820
504,226840
505,226860
506,226960
507,227000
508,227020
509,227060
510,227080
511,227100
512,227160
513,227180
514,227200
515,227220
516,227300
517,227380
518,227400
519,227480
520,227560
521,227580
522,227600
523,227760
524,227780
525,227800
526,227860
527,227940
528,228200
529,228260
530,228280
531,228300
532,228320
533,228360
534,228380
535,228440
536,228560
537,228760
538,228960
539,229480
540,229520
541,229560
542,229580
543,229600
544,229790
545,229810
546,229870
547,229890
548,229970
549,230050
550,230070
551,230150
552,230190
553,230210
554,230230
555,230270
556,230290
557,230330
558,230350
559,230410
560,230650
561,230700
562,230760
563,230820
564,230840
565,230860
566,230980
567,231020
568,231040
569,231060
570,231140
571,231160
572,231200
573,231310
574,231330
575,231390
576,231430
577,231720
578,231740
579,231910
580,232010
581,232050
582,232090
583,232430
584,232750
585,232770
586,232790
587,232810
588,232890
589,232910
590,232950
591,232970
592,233110
593,233130
594,233150
595,233190
596,233210
597,233230
598,233270
599,233290
600,233310
601,233350
602,233370
603,233410
604,233450
605,233470
606,233510
607,233530
608,233550
609,233610
610,233700
611,233720
612,233740
613,233800
614,233840
615,233860
616,233980
617,234080
618,234140
619,234160
620,234190
621,234270
622,234290
623,234330
624,234350
625,234370
626,234390
627,234490
628,234510
629,234630
630,234650
631,234670
632,234900
633,234920
634,234940
635,235070
636,235210
637,235250
638,235320
639,235360
640,235380
641,235400
642,235460
643,235520
644,235540
645,235600
646,235620
647,235660
648,235700
649,235720
650,235800
651,235820
652,235980
653,236010
654,236090
655,236110
656,236130
657,236150
658,236290
659,236370
660,236390
661,236430
662,236450
663,236490
664,236510
665,236690
666,236730
667,236790
668,236850
669,236870
670,236930
671,236970
672,237310
673,237350
674,237430
675,237470
676,237550
677,237570
678,237630
679,237740
680,237760
681,237850
682,237870
683,237890
684,237930
685,237950
686,237970
687,237990
688,238010
689,238050
690,238070
691,238090
692,238210
693,238240
694,238260
695,238280
696,238320
697,238370
698,238430
699,238460
700,238530
701,238630
702,238750
703,238870
704,238890
705,238910
706,238930
707,238960
708,239030
709,239070
710,239090
711,239120
712,239140
713,239160
714,239200
715,239250
716,239350
717,239430
718,239660
719,239700
720,239800
721,239820
722,239840
723,240320
724,240340
725,240360
726,240440
727,240600
728,240620
729,240660
730,240720
731,240760
732,240970
733,241000
734,241240
735,241260
736,241300
737,241320
738,241410
739,241540
740,241560
741,241600
742,241620
743,241720
744,241760
745,241910
746,241930
747,242050
748,242110
749,242130
750,242530
751,242550
752,242640
753,242680
754,242700
755,242720
756,242760
757,242780
758,242820
759,242840
760,242860
761,242880
762,242920
763,242940
764,242960
765,242980
766,243000
767,243020
768,243040
769,243060
770,243160
771,243200
772,243220
773,243240
774,243280
775,243360
776,243450
777,243470
778,243780
779,243800
780,243930
781,243950
782,243970
783,244030
784,244050
785,244070
786,244090
787,244160
788,244210
789,244410
790,244430
791,244450
792,244590
793,244690
794,244710
795,244730
796,244750
797,244770
798,244810
799,244850
800,244870
801,244890
802,244910
803,244930
804,244950
805,245010
806,245050
807,245150
808,245170
809,245280
810,245300
811,245370
812,245390
813,245410
814,245430
815,245450
816,245470
817,245490
818,245620
819,245730
820,246070
821,246090
822,246110
823,246300
824,246360
825,246420
826,246580
827,246620
828,246680
829,246720
830,246740
831,246760
832,246800
833,246820
834,246840
835,246880
836,246900
837,246920
838,246940
839,246960
840,246980
841,247000
842,247020
843,247080
844,247120
845,247140
846,247240
847,247307
848,247310
849,247350
850,247370
851,247430
852,247660
853,247710
854,247870
855,247910
856,247930
857,247950
858,248190
859,248270
860,248290
861,248310
862,248330
863,248350
864,248370
865,248390
866,248410
867,248450
868,248470
869,248490
870,248510
871,248530
872,248550
873,248570
874,248610
875,248650
876,248710
877,248730
878,248800
879,248820
880,248860
881,248970
882,249050
883,249130
884,249190
885,249230
886,249330
887,249360
888,249550
889,249570
890,249590
891,249610
892,249630
893,249650
894,249680
895,249870
896,249930
897,249950
898,249990
899,250030
900,250050
901,250070
902,250110
903,250180
904,250260
905,250320
906,250340
907,250380
908,250400
909,250420
910,250440
911,250460
912,250500
913,250520
914,250540
915,250560
916,250580
917,250600
918,250620
919,250680
920,250700
921,250720
922,250760
923,250820
924,250900
925,251020
926,251060
927,251110
928,251130
929,251150
930,251170
931,251210
932,251230
933,251270
934,251290
935,251310
936,251370
937,251390
938,251410
939,251430
940,251450
941,251470
942,251490
943,251510
944,251530
945,251570
946,251590
947,251630
948,251650
949,251690
950,251730
951,251830
952,251850
953,251870
954,251890
955,251910
956,251950
957,251990
958,252010
959,252030
960,252050
961,252070
962,252090
963,252110
964,252130
965,252170
966,252230
967,252250
968,252270
969,252310
970,252330
971,252350
972,252370
973,252390
974,252410
975,252430
976,252450
977,252470
978,252490
979,252530
980,252550
981,252570
982,252610
983,252630
984,252670
985,252690
986,252710
987,252730
988,252750
989,252830
990,252870
991,252890
992,252910
993,252970
994,253030
995,253110
996,253150
997,253230
998,253250
999,253290
